{
    "centerPiecesColors": ["#0f0", "#00f", "#fff", "#ff0", "#f00", "#f90"],
    "centerPiecesPositions": [
        [0, 0, 1.5],
        [0, 0, -1.5],
        [0, 1.5, 0],
        [0, -1.5, 0],
        [1.5, 0, 0],
        [-1.5, 0, 0]
    ],
    "centerPiecesRotations": [
        [0, 1.5707963267948966, 0],
        [0, 1.5707963267948966, 0],
        [0, 0, 1.5707963267948966],
        [0, 0, 1.5707963267948966],
        [0, 0, 0],
        [0, 0, 0]
    ],
    "edgePiecesColors": [
        ["#f00", "#fff"],
        ["#f90", "#fff"],
        ["#f00", "#ff0"],
        ["#f90", "#ff0"],
        ["#f00", "#0f0"],
        ["#f90", "#0f0"],
        ["#f00", "#00f"],
        ["#f90", "#00f"],
        ["#0f0", "#fff"],
        ["#00f", "#fff"],
        ["#0f0", "#ff0"],
        ["#00f", "#ff0"]
    ],
    "edgePiecesPositions": [
        [
            [1.5, 1, 0],
            [1, 1.5, 0]
        ],
        [
            [-1.5, 1, 0],
            [-1, 1.5, 0]
        ],
        [
            [1.5, -1, 0],
            [1, -1.5, 0]
        ],
        [
            [-1.5, -1, 0],
            [-1, -1.5, 0]
        ],
        [
            [1.5, 0, 1],
            [1, 0, 1.5]
        ],
        [
            [-1.5, 0, 1],
            [-1, 0, 1.5]
        ],
        [
            [1.5, 0, -1],
            [1, 0, -1.5]
        ],
        [
            [-1.5, 0, -1],
            [-1, 0, -1.5]
        ],
        [
            [0, 1, 1.5],
            [0, 1.5, 1]
        ],
        [
            [0, 1, -1.5],
            [0, 1.5, -1]
        ],
        [
            [0, -1, 1.5],
            [0, -1.5, 1]
        ],
        [
            [0, -1, -1.5],
            [0, -1.5, -1]
        ]
    ],
    "edgePiecesRotations": [
        [
            [0, 0, 0],
            [0, 0, 1.5707963267948966]
        ],
        [
            [0, 0, 0],
            [0, 0, 1.5707963267948966]
        ],
        [
            [0, 0, 0],
            [0, 0, 1.5707963267948966]
        ],
        [
            [0, 0, 0],
            [0, 0, 1.5707963267948966]
        ],
        [
            [0, 0, 0],
            [0, 1.5707963267948966, 0]
        ],
        [
            [0, 0, 0],
            [0, 1.5707963267948966, 0]
        ],
        [
            [0, 0, 0],
            [0, 1.5707963267948966, 0]
        ],
        [
            [0, 0, 0],
            [0, 1.5707963267948966, 0]
        ],
        [
            [0, 1.5707963267948966, 0],
            [0, 0, 1.5707963267948966]
        ],
        [
            [0, 1.5707963267948966, 0],
            [0, 0, 1.5707963267948966]
        ],
        [
            [0, 1.5707963267948966, 0],
            [0, 0, 1.5707963267948966]
        ],
        [
            [0, 1.5707963267948966, 0],
            [0, 0, 1.5707963267948966]
        ]
    ],
    "cornerPiecesColors": [
        ["#f00", "#0f0", "#fff"],
        ["#f90", "#0f0", "#fff"],
        ["#f00", "#0f0", "#ff0"],
        ["#f90", "#0f0", "#ff0"],
        ["#f00", "#00f", "#fff"],
        ["#f90", "#00f", "#fff"],
        ["#f00", "#00f", "#ff0"],
        ["#f90", "#00f", "#ff0"]
    ],
    "cornerPiecesPositions": [
        [
            [1.5, 1, 1],
            [1, 1, 1.5],
            [1, 1.5, 1]
        ],
        [
            [-1.5, 1, 1],
            [-1, 1, 1.5],
            [-1, 1.5, 1]
        ],
        [
            [1.5, -1, 1],
            [1, -1, 1.5],
            [1, -1.5, 1]
        ],
        [
            [-1.5, -1, 1],
            [-1, -1, 1.5],
            [-1, -1.5, 1]
        ],
        [
            [1.5, 1, -1],
            [1, 1, -1.5],
            [1, 1.5, -1]
        ],
        [
            [-1.5, 1, -1],
            [-1, 1, -1.5],
            [-1, 1.5, -1]
        ],
        [
            [1.5, -1, -1],
            [1, -1, -1.5],
            [1, -1.5, -1]
        ],
        [
            [-1.5, -1, -1],
            [-1, -1, -1.5],
            [-1, -1.5, -1]
        ]
    ],
    "cornerPiecesRotations": [
        [
            [1.5707963267948966, 0, 0],
            [0, 1.5707963267948966, 0],
            [0, 0, 1.5707963267948966]
        ],
        [
            [1.5707963267948966, 0, 0],
            [0, 1.5707963267948966, 0],
            [0, 0, 1.5707963267948966]
        ],
        [
            [1.5707963267948966, 0, 0],
            [0, 1.5707963267948966, 0],
            [0, 0, 1.5707963267948966]
        ],
        [
            [1.5707963267948966, 0, 0],
            [0, 1.5707963267948966, 0],
            [0, 0, 1.5707963267948966]
        ],
        [
            [1.5707963267948966, 0, 0],
            [0, 1.5707963267948966, 0],
            [0, 0, 1.5707963267948966]
        ],
        [
            [1.5707963267948966, 0, 0],
            [0, 1.5707963267948966, 0],
            [0, 0, 1.5707963267948966]
        ],
        [
            [1.5707963267948966, 0, 0],
            [0, 1.5707963267948966, 0],
            [0, 0, 1.5707963267948966]
        ],
        [
            [1.5707963267948966, 0, 0],
            [0, 1.5707963267948966, 0],
            [0, 0, 1.5707963267948966]
        ]
    ]
}
